{
  "Files" : {
    "+919840836275" : {
      "cattles" : {
        "nkknknddfss" : {
          "age_in_months" : "72",
          "breed" : "HF",
          "cattle_name" : "C3",
          "comment" : "none",
          "cattle_ID" : "RA3",
          "farmer_name" : "Kundhiammal",
          "image1" : "https://firebasestorage.googleapis.com/v0/b/fir-imageupload-d603a.appspot.com/o/images%2FCattle_Side_Picture_05%3A02%3A2020_11%3A56%3A11_12.9861762_80.2440527.jpg?alt=media&token=e29d145a-3caa-4ff4-bfb0-aa2cd2c4f349",
          "image2" : "https://firebasestorage.googleapis.com/v0/b/fir-imageupload-d603a.appspot.com/o/images%2FMuzzle_Picture_05%3A02%3A2020_11%3A56%3A11_12.9861762_80.2440527.jpg?alt=media&token=cf0236c7-832c-4877-a044-6b9794a9da7d",
          "image3" : "https://firebasestorage.googleapis.com/v0/b/fir-imageupload-d603a.appspot.com/o/images%2FLumboPicture_05%3A02%3A2020_11%3A56%3A11_12.9861762_80.2440527.jpg?alt=media&token=f56b52e4-76e5-4f5b-945c-0980551614f5",
          "latitude" : 12.5035835,
          "longitude" : 78.131985,
          "stage" : "In milk, not pregnant",
          "timestamp" : "05:02:2020_11:57:04",
          "weight_in_kg" : "130"
        },
        "nkknkndss" : {
          "age_in_months" : "48",
          "breed" : "HF",
          "cattle_name" : "C1",
          "comment" : "none",
          "cattle_ID" : "RA1",
          "farmer_name" : "Lakshmi",
          "image1" : "https://firebasestorage.googleapis.com/v0/b/fir-imageupload-d603a.appspot.com/o/images%2FCattle_Side_Picture_05%3A02%3A2020_11%3A56%3A11_12.9861762_80.2440527.jpg?alt=media&token=e29d145a-3caa-4ff4-bfb0-aa2cd2c4f349",
          "image2" : "https://firebasestorage.googleapis.com/v0/b/fir-imageupload-d603a.appspot.com/o/images%2FMuzzle_Picture_05%3A02%3A2020_11%3A56%3A11_12.9861762_80.2440527.jpg?alt=media&token=cf0236c7-832c-4877-a044-6b9794a9da7d",
          "image3" : "https://firebasestorage.googleapis.com/v0/b/fir-imageupload-d603a.appspot.com/o/images%2FLumboPicture_05%3A02%3A2020_11%3A56%3A11_12.9861762_80.2440527.jpg?alt=media&token=f56b52e4-76e5-4f5b-945c-0980551614f5",
          "latitude" : 12.5077515,
          "longitude" : 78.1366836,
          "stage" : "Pregnant Giving Milk",
          "timestamp" : "05:02:2020_11:57:04",
          "weight_in_kg" : "120"
        },
        "nkknkndssss" : {
          "age_in_months" : "40",
          "breed" : "HF",
          "cattle_name" : "C2",
          "comment" : "none",
          "cattle_ID" : "RA2",
          "farmer_name" : "Dhanashekar",
          "image1" : "https://firebasestorage.googleapis.com/v0/b/fir-imageupload-d603a.appspot.com/o/images%2FCattle_Side_Picture_05%3A02%3A2020_11%3A56%3A11_12.9861762_80.2440527.jpg?alt=media&token=e29d145a-3caa-4ff4-bfb0-aa2cd2c4f349",
          "image2" : "https://firebasestorage.googleapis.com/v0/b/fir-imageupload-d603a.appspot.com/o/images%2FMuzzle_Picture_05%3A02%3A2020_11%3A56%3A11_12.9861762_80.2440527.jpg?alt=media&token=cf0236c7-832c-4877-a044-6b9794a9da7d",
          "image3" : "https://firebasestorage.googleapis.com/v0/b/fir-imageupload-d603a.appspot.com/o/images%2FLumboPicture_05%3A02%3A2020_11%3A56%3A11_12.9861762_80.2440527.jpg?alt=media&token=f56b52e4-76e5-4f5b-945c-0980551614f5",
          "latitude" : 12.4639808,
          "longitude" : 78.2133255,
          "stage" : "In milk, not pregnant",
          "timestamp" : "05:02:2020_11:57:04",
          "weight_in_kg" : "110"
        }
      },
      "personal_details" : {
        "organization" : "Dvara",
        "username" : "Krishna"
      }
    },
    "+919010393161" : {
      "cattles" : {
        "-M11Js4Sr-ccmoXz-BH1" : {
          "age_in_months" : "6",
          "breed" : "HF",
          "cattle_name" : "gh",
          "comment" : "",
          "cattle_ID" : "hh",
          "farmer_name" : "hj",
          "image1" : "https://firebasestorage.googleapis.com/v0/b/fir-imageupload-d603a.appspot.com/o/images%2FMuzzle_Picture_26%3A02%3A2020_21%3A57%3A43_14.333715_78.5405425.jpg?alt=media&token=dc62a075-0306-42d3-a35c-d3b532f0eb52",
          "image2" : "https://firebasestorage.googleapis.com/v0/b/fir-imageupload-d603a.appspot.com/o/images%2FCattle_Side_Picture_26%3A02%3A2020_21%3A57%3A43_14.333715_78.5405425.jpg?alt=media&token=5acce596-8238-4772-a5f9-dff18e296aba",
          "image3" : "https://firebasestorage.googleapis.com/v0/b/fir-imageupload-d603a.appspot.com/o/images%2FLumboPicture_26%3A02%3A2020_21%3A57%3A43_14.333715_78.5405425.jpg?alt=media&token=d57c17af-0063-455a-85ef-2f018338529b",
          "latitude" : 14.333715,
          "longitude" : 78.5405425,
          "stage" : "Calving",
          "timestamp" : "26:02:2020_21:57:55",
          "weight_in_kg" : "52"
        },
        "-M11KeOTxPk9tIeTympv" : {
          "age_in_months" : "964",
          "breed" : "Jersey",
          "cattle_name" : "gua",
          "comment" : "",
          "cattle_ID" : "gga",
          "farmer_name" : "bhh",
          "image1" : "https://firebasestorage.googleapis.com/v0/b/fir-imageupload-d603a.appspot.com/o/images%2FMuzzle_Picture_26%3A02%3A2020_22%3A01%3A09_14.3337459_78.5406032.jpg?alt=media&token=7f662ea5-c355-409b-8885-e634afc46b24",
          "image2" : "https://firebasestorage.googleapis.com/v0/b/fir-imageupload-d603a.appspot.com/o/images%2FCattle_Side_Picture_26%3A02%3A2020_22%3A01%3A09_14.3337459_78.5406032.jpg?alt=media&token=9e0c32d5-a01a-4324-8d1d-9fb8ee47cde8",
          "image3" : "https://firebasestorage.googleapis.com/v0/b/fir-imageupload-d603a.appspot.com/o/images%2FLumboPicture_26%3A02%3A2020_22%3A01%3A09_14.3337459_78.5406032.jpg?alt=media&token=816719fa-8712-4f6e-bc2a-5a7642da1ffb",
          "latitude" : 14.3337459,
          "longitude" : 78.5406032,
          "stage" : "Calving",
          "timestamp" : "26:02:2020_22:01:21",
          "weight_in_kg" : "564"
        }
      },
      "personal_details" : {
        "organization" : "rgukt",
        "username" : "kalyan"
      }
    },
    "+919491225371" : {
      "cattles" : {
        "-M0a2yRGojyycmytG2C8" : {
          "age_in_months" : "gha",
          "breed" : "HF",
          "cattle_name" : "vha",
          "comment" : "vb",
          "cattle_ID" : "knk",
          "farmer_name" : "sai kumar",
          "image1" : "https://firebasestorage.googleapis.com/v0/b/fir-imageupload-d603a.appspot.com/o/images%2FCattle_Side_Picture_21%3A02%3A2020_10%3A14%3A26.jpg?alt=media&token=e3cc338d-93d7-47f8-a975-3463efa7e221",
          "image2" : "https://firebasestorage.googleapis.com/v0/b/fir-imageupload-d603a.appspot.com/o/images%2FMuzzle_Picture_21%3A02%3A2020_10%3A14%3A26.jpg?alt=media&token=b3eec784-afb0-4ec5-b4b8-e614d0e1559a",
          "image3" : "https://firebasestorage.googleapis.com/v0/b/fir-imageupload-d603a.appspot.com/o/images%2FLumboPicture_21%3A02%3A2020_10%3A14%3A26.jpg?alt=media&token=6457cd74-1b2c-4d7f-8540-9af5ad13f2d5",
          "latitude" : 14.3335336,
          "longitude" : 78.5368544,
          "stage" : "Dry",
          "timestamp" : "21:02:2020_10:14:42",
          "weight_in_kg" : "gh"
        },
        "-M0dN3GipaBybqp0u2eq" : {
          "age_in_months" : "hj",
          "breed" : "HF",
          "cattle_name" : "gh",
          "comment" : "vj",
          "cattle_ID" : "kns",
          "farmer_name" : "sagar",
          "image1" : "https://firebasestorage.googleapis.com/v0/b/fir-imageupload-d603a.appspot.com/o/images%2FCattle_Side_Picture_22%3A02%3A2020_01%3A41%3A10.jpg?alt=media&token=a426c898-a66a-4224-964f-732046131b48",
          "image2" : "https://firebasestorage.googleapis.com/v0/b/fir-imageupload-d603a.appspot.com/o/images%2FMuzzle_Picture_22%3A02%3A2020_01%3A41%3A10.jpg?alt=media&token=6f9fdb00-fb79-4deb-8c1a-ff8b0cd06719",
          "image3" : "https://firebasestorage.googleapis.com/v0/b/fir-imageupload-d603a.appspot.com/o/images%2FLumboPicture_22%3A02%3A2020_01%3A41%3A10.jpg?alt=media&token=6e55feeb-22e7-4e23-8e93-6511d64e6605",
          "latitude" : 13.8069122,
          "longitude" : 78.7964268,
          "stage" : "Dry",
          "timestamp" : "22:02:2020_01:41:21",
          "weight_in_kg" : "hj"
        },
        "-M0dfMXnuLira3jLq8IL" : {
          "age_in_months" : "hj",
          "breed" : "Indigenous",
          "cattle_name" : "qhqj",
          "comment" : "hj",
          "cattle_ID" : "ks",
          "farmer_name" : "new one",
          "image1" : "https://firebasestorage.googleapis.com/v0/b/fir-imageupload-d603a.appspot.com/o/images%2FMuzzle_Picture_22%3A02%3A2020_03%3A05%3A31.jpg?alt=media&token=59559b72-0594-4abc-b2f8-582ecfd72f8f",
          "image2" : "https://firebasestorage.googleapis.com/v0/b/fir-imageupload-d603a.appspot.com/o/images%2FCattle_Side_Picture_22%3A02%3A2020_03%3A05%3A31.jpg?alt=media&token=621fedf3-9f39-470f-a546-ac214b484f91",
          "image3" : "https://firebasestorage.googleapis.com/v0/b/fir-imageupload-d603a.appspot.com/o/images%2FLumboPicture_22%3A02%3A2020_03%3A05%3A31.jpg?alt=media&token=65616980-d946-4e0e-9c4c-d7f4188c5342",
          "latitude" : 13.8100027,
          "longitude" : 78.8271258,
          "stage" : "Pragnant not Giving Milk",
          "timestamp" : "22:02:2020_03:05:41",
          "weight_in_kg" : "vj"
        },
        "-M0rK0g_IrDOaj1P74Vb" : {
          "age_in_months" : "vh",
          "breed" : "HF",
          "cattle_name" : "hj",
          "comment" : "hu",
          "cattle_ID" : "lmlm",
          "farmer_name" : "newobe",
          "image1" : "https://firebasestorage.googleapis.com/v0/b/fir-imageupload-d603a.appspot.com/o/images%2FMuzzle_Picture_24%3A02%3A2020_18%3A35%3A23_14.3337869_78.5405278.jpg?alt=media&token=c3c91be8-94af-4032-a8c2-15683260c763",
          "image2" : "https://firebasestorage.googleapis.com/v0/b/fir-imageupload-d603a.appspot.com/o/images%2FLumboPicture_24%3A02%3A2020_18%3A35%3A23_14.3337869_78.5405278.jpg?alt=media&token=d77b6d91-30b9-4059-82c2-2b6dbed5f407",
          "image3" : "https://firebasestorage.googleapis.com/v0/b/fir-imageupload-d603a.appspot.com/o/images%2FCattle_Side_Picture_24%3A02%3A2020_18%3A35%3A23_14.3337869_78.5405278.jpg?alt=media&token=72cf7632-dfd0-4be4-bb8b-918b50f5c53a",
          "latitude" : 14.3337869,
          "longitude" : 78.5405278,
          "stage" : "Calving",
          "timestamp" : "24:02:2020_18:42:43",
          "weight_in_kg" : "vb"
        },
        "-M0xmKBeGx2IURo99l1X" : {
          "age_in_months" : "bj",
          "breed" : "HF",
          "cattle_name" : "vjz",
          "comment" : "bj",
          "cattle_ID" : "bna",
          "farmer_name" : "sagar",
          "image1" : "https://firebasestorage.googleapis.com/v0/b/fir-imageupload-d603a.appspot.com/o/images%2FCattle_Side_Picture_26%3A02%3A2020_00%3A48%3A07_14.3337719_78.540564.jpg?alt=media&token=09584cc2-f8ab-4c6b-9473-ce9a8ed00b3d",
          "image2" : "https://firebasestorage.googleapis.com/v0/b/fir-imageupload-d603a.appspot.com/o/images%2FMuzzle_Picture_26%3A02%3A2020_00%3A48%3A07_14.3337719_78.540564.jpg?alt=media&token=048aaf34-bdea-43d0-9db9-921b0bb3b165",
          "image3" : "https://firebasestorage.googleapis.com/v0/b/fir-imageupload-d603a.appspot.com/o/images%2FLumboPicture_26%3A02%3A2020_00%3A48%3A07_14.3337719_78.540564.jpg?alt=media&token=ef82028e-6c7a-489f-9e12-e8c5904c2640",
          "latitude" : 14.3337719,
          "longitude" : 78.540564,
          "stage" : "InMilk Not Pregnant",
          "timestamp" : "26:02:2020_00:48:29",
          "weight_in_kg" : "20"
        },
        "-M0xpM5dXV0t-whaMkFy" : {
          "age_in_months" : "hj",
          "breed" : "HF",
          "cattle_name" : "gha",
          "comment" : "bna",
          "cattle_ID" : "svha",
          "farmer_name" : "mama",
          "image1" : "https://firebasestorage.googleapis.com/v0/b/fir-imageupload-d603a.appspot.com/o/images%2FLumboPicture_26%3A02%3A2020_01%3A01%3A34_14.3337719_78.540564.jpg?alt=media&token=1adb75f4-76f5-48a3-ab1a-6d7e544679d8",
          "image2" : "https://firebasestorage.googleapis.com/v0/b/fir-imageupload-d603a.appspot.com/o/images%2FMuzzle_Picture_26%3A02%3A2020_01%3A01%3A34_14.3337719_78.540564.jpg?alt=media&token=85d9c3e9-c9e2-42f6-8d13-ae70cf09beb0",
          "image3" : "https://firebasestorage.googleapis.com/v0/b/fir-imageupload-d603a.appspot.com/o/images%2FCattle_Side_Picture_26%3A02%3A2020_01%3A01%3A34_14.3337719_78.540564.jpg?alt=media&token=67aa76f6-5ac0-45e3-8a00-4a9daa6ab5d1",
          "latitude" : 14.3337719,
          "longitude" : 78.540564,
          "stage" : "InMilk Not Pregnant",
          "timestamp" : "26:02:2020_01:01:45",
          "weight_in_kg" : "37"
        },
        "-M13T_G4IDQ_v-zfiOTj" : {
          "age_in_months" : "6",
          "breed" : "Indigenous",
          "cattle_name" : "t",
          "comment" : "",
          "cattle_ID" : "y",
          "farmer_name" : "gghf",
          "image1" : "https://firebasestorage.googleapis.com/v0/b/fir-imageupload-d603a.appspot.com/o/images%2FMuzzle_Picture_27%3A02%3A2020_07%3A57%3A40_14.3337312_78.5405944.jpg?alt=media&token=65930569-50bd-465a-8cc7-c8f29f66daec",
          "image2" : "https://firebasestorage.googleapis.com/v0/b/fir-imageupload-d603a.appspot.com/o/images%2FCattle_Side_Picture_27%3A02%3A2020_07%3A57%3A40_14.3337312_78.5405944.jpg?alt=media&token=1fc906e9-337a-4fd0-b1d2-0694b0d8937c",
          "image3" : "https://firebasestorage.googleapis.com/v0/b/fir-imageupload-d603a.appspot.com/o/images%2FLumboPicture_27%3A02%3A2020_07%3A57%3A40_14.3337312_78.5405944.jpg?alt=media&token=081c09a6-fd87-441b-b580-38d7f2f73aa9",
          "latitude" : 14.3337312,
          "longitude" : 78.5405944,
          "stage" : "Heifer",
          "timestamp" : "27:02:2020_07:59:34",
          "weight_in_kg" : "8"
        },
        "-M13VqDPeLP8sEtQ_dmF" : {
          "age_in_months" : "66",
          "breed" : "Indigenous",
          "cattle_name" : "yu",
          "comment" : "",
          "cattle_ID" : "ty",
          "farmer_name" : "rt",
          "image1" : "https://firebasestorage.googleapis.com/v0/b/fir-imageupload-d603a.appspot.com/o/images%2FMuzzle_Picture_27%3A02%3A2020_08%3A02%3A21_14.3337216_78.5405941.jpg?alt=media&token=91db568f-54c9-4a0c-bc5d-7f5ddf571e34",
          "image2" : "https://firebasestorage.googleapis.com/v0/b/fir-imageupload-d603a.appspot.com/o/images%2FCattle_Side_Picture_27%3A02%3A2020_08%3A02%3A21_14.3337216_78.5405941.jpg?alt=media&token=775bb26f-9cc6-4d19-a0f6-7104e5a51d5f",
          "image3" : "https://firebasestorage.googleapis.com/v0/b/fir-imageupload-d603a.appspot.com/o/images%2FLumboPicture_27%3A02%3A2020_08%3A02%3A21_14.3337216_78.5405941.jpg?alt=media&token=ff1a96c9-9e11-4067-91c9-fa2ca051a0a6",
          "latitude" : 14.3337216,
          "longitude" : 78.5405941,
          "stage" : "InMilk Not Pregnant",
          "timestamp" : "27:02:2020_08:09:27",
          "weight_in_kg" : "66"
        }
      },
      "personal_details" : {
        "organization" : "cv",
        "username" : "ff"
      }
    },
    "+919677094224" : {
      "cattles" : {
        "nkknknddfss" : {
          "age_in_months" : "72",
          "breed" : "HF",
          "cattle_name" : "C3",
          "comment" : "none",
          "cattle_ID" : "RA3",
          "farmer_name" : "Kundhiammal",
          "image1" : "https://firebasestorage.googleapis.com/v0/b/fir-imageupload-d603a.appspot.com/o/images%2F3_m.jpeg?alt=media&token=b284bdb8-d0c0-440a-a3c3-1312bff4b113",
          "image2" : "https://firebasestorage.googleapis.com/v0/b/fir-imageupload-d603a.appspot.com/o/images%2F3_l.jpeg?alt=media&token=1fdbb21f-29bc-4980-9a05-71c7c7ea0a7d",
          "image3" : "https://firebasestorage.googleapis.com/v0/b/fir-imageupload-d603a.appspot.com/o/images%2F3_s.jpeg?alt=media&token=c92907d2-8296-4112-a34d-2ea0ffea915d",
          "latitude" : 12.5035835,
          "longitude" : 78.131985,
          "stage" : "In milk, not pregnant",
          "timestamp" : "05:02:2020_11:57:04",
          "weight_in_kg" : "130"
        },
        "nkknkndss" : {
          "age_in_months" : "48",
          "breed" : "HF",
          "cattle_name" : "C1",
          "comment" : "none",
          "cattle_ID" : "RA1",
          "farmer_name" : "Nagaraj",
          "image1" : "https://firebasestorage.googleapis.com/v0/b/fir-imageupload-d603a.appspot.com/o/images%2F3_s.jpeg?alt=media&token=c92907d2-8296-4112-a34d-2ea0ffea915d",
          "image2" : "https://firebasestorage.googleapis.com/v0/b/fir-imageupload-d603a.appspot.com/o/images%2F2_l.jpeg?alt=media&token=f717a0e2-3897-4564-a84b-969905cf6b68",
          "image3" : "https://firebasestorage.googleapis.com/v0/b/fir-imageupload-d603a.appspot.com/o/images%2F2_s.jpeg?alt=media&token=e5626ccf-7529-4989-aa2a-7e606d38711b",
          "latitude" : 12.5077515,
          "longitude" : 78.1366836,
          "stage" : "Pregnant Giving Milk",
          "timestamp" : "05:02:2020_11:57:04",
          "weight_in_kg" : "120"
        },
        "nkknkndssss" : {
          "age_in_months" : "40",
          "breed" : "HF",
          "cattle_name" : "C2",
          "comment" : "none",
          "cattle_ID" : "RA2",
          "farmer_name" : "Dhanashekar",
          "image1" : "https://firebasestorage.googleapis.com/v0/b/fir-imageupload-d603a.appspot.com/o/images%2F1_m.jpeg?alt=media&token=de8de706-ad3b-4e31-8d04-7dbccc4b0673",
          "image2" : "https://firebasestorage.googleapis.com/v0/b/fir-imageupload-d603a.appspot.com/o/images%2F2_l.jpeg?alt=media&token=f717a0e2-3897-4564-a84b-969905cf6b68",
          "image3" : "https://firebasestorage.googleapis.com/v0/b/fir-imageupload-d603a.appspot.com/o/images%2F1_s.jpeg?alt=media&token=60610ae3-26ad-4535-af97-7ff543d942d9",
          "latitude" : 12.4639808,
          "longitude" : 78.2133255,
          "stage" : "In milk, not pregnant",
          "timestamp" : "05:02:2020_11:57:04",
          "weight_in_kg" : "110"
        }
      },
      "personal_details" : {
        "organization" : "Dvara E-Dairy",
        "username" : "Balaji"
      }
    }

  }
}
